half,1
hands,1
desperate,1
spoke,1
leading,1
disapproval,1
your,1
shaken,1
branch,1
without,1
setting,1
these,1
twinkling,1
would,1
poor,1
legs,1
near,1
silence,1
moving,1
ran,1
solid,1
fairly,1
pool,1
spreading,1
circular,1
gaped,1
click,1
backwards,1
glimpsed,1
marrow,1
hurried,1
willow,1
honeycomb,1
stop,1
eaves,1
left,1
thud,1
ruts,1
eleven,1
much,1
pony,1
wind,1
southern,1
forest,1
glade,1
riverward,1
turf,1
cliff,1
licked,1
ahead,1
least,1
yellow,1
wouldnt,1
slowing,1
heather,1
talking,1
turn,1
minds,1
sleep,1
creaked,1
ripples,1
parsley,1
grasses,1
kindled,1
stretched,1
after,1
quiet,1
slimy,1
close,1
lights,1
hand,1
sweep,1
a,1
descend,1
unfriendly,1
pulled,1
laden,1
i,1
dreary,1
hopping,1
o,1
straight,1
the,1
hollows,1
fast,1
blue,1
scratched,1
tearing,1
thank,1
faces,1
clambered,1
straining,1
steeply,1
wheels,1
saddle,1
sharply,1
moved,1
good,1
got,1
red,1
spring,1
weedy,1
wish,1
awakening,1
leave,1
tip,1
kindle,1
others,1
faint,1
swift,1
dreaming,1
making,1
need,1
shade,1
its,1
often,1
clearer,1
enormous,1
moisture,1
staggered,1
strange,1
gone,1
aside,1
yawned,1
begged,1
bolger,1
hardly,1
bonfire,1
heaped,1
sank,1
trust,1
chink,1
hark,1
baggage,1
harm,1
shady,1
scrambling,1
young,1
downwards,1
miles,1
behave,1
flows,1
root,1
end,1
unhindered,1
fluffy,1
lines,1
snick,1
goblins,1
dragonets,1
roof,1
room,1
clipped,1
better,1
horizon,1
with,1
there,1
lady,1
well,1
attacked,1
pushed,1
splash,1
shoulders,1
shouldnt,1
springs,1
told,1
pile,1
ago,1
rolled,1
tried,1
loved,1
struck,1
gloomed,1
darkness,1
nap,1
ceased,1
dripping,1
went,1
breathlessly,1
distant,1
nothing,1
whistle,1
thousands,1
groping,1
propose,1
slowly,1
ever,1
happily,1
shadowy,1
bringing,1
daylight,1
even,1
charming,1
shadows,1
silver,1
crossed,1
frodo,1
despair,1
matted,1
queer,1
hundred,1
other,1
wait,1
folds,1
woman,1
against,1
shaggy,1
kinds,1
air,1
matter,1
tom,1
walls,1
asked,1
denser,1
encourage,1
top,1
too,1
steadily,1
shaven,1
yield,1
have,1
noise,1
climbed,1
speak,1
puffed,1
peered,1
taller,1
laid,1
heading,1
boughs,1
lain,1
filled,1
noisy,1
hatchet,1
tended,1
bushes,1
scorched,1
rose,1
movement,1
sluggard,1
flies,1
shed,1
almost,1
pippin,1
tops,1
broadening,1
cow,1
bordered,1
upon,1
unlocked,1
alder,1
points,1
gleam,1
wake,1
lal,1
west,1
quite,1
all,1
always,1
sloping,1
new,1
took,1
already,1
below,1
lay,1
swam,1
woods,1
shall,1
sway,1
less,1
strangers,1
mended,1
yell,1
boggy,1
were,1
shining,1
straddled,1
arms,1
try,1
reappeared,1
became,1
rising,1
unexpectedly,1
hazy,1
overhung,1
dreams,1
paddled,1
reaching,1
around,1
frantically,1
running,1
wound,1
haze,1
and,1
intended,1
bogs,1
today,1
land,1
saying,1
floor,1
says,1
direction,1
stepped,1
looked,1
kicked,1
cry,1
hoary,1
any,1
followed,1
opening,1
minute,1
plots,1
burning,1
suggested,1
dillo,1
until,1
wall,1
quietly,1
caught,1
silently,1
merrily,1
thought,1
ring,1
legend,1
shift,1
clamour,1
echo,1
led,1
dazzled,1
discussion,1
uncertain,1
decided,1
mountain,1
naught,1
puffing,1
rind,1
let,1
gentle,1
shoulder,1
flecked,1
queerest,1
began,1
regretted,1
expected,1
night,1
want,1
havent,1
lazily,1
opposite,1
sunlit,1
each,1
watchful,1
himself,1
gently,1
wand,1
must,1
circle,1
fainter,1
drier,1
bathe,1
wandered,1
cut,1
another,1
slopes,1
two,1
moment,1
cried,1
notion,1
fluttering,1
found,1
are,1
seeding,1
attack,1
does,1
taken,1
came,1
reported,1
ripe,1
where,1
worried,1
shout,1
prevented,1
broken,1
outwards,1
receive,1
think,1
jaws,1
slumber,1
noticed,1
black,1
replaced,1
standing,1
such,1
kick,1
watch,1
stalky,1
thing,1
understood,1
battered,1
fashion,1
forwards,1
slumping,1
through,1
till,1
strength,1
foam,1
dusk,1
sounder,1
widening,1
lie,1
cant,1
had,1
occasional,1
windle,1
enclosing,1
challenging,1
either,1
lip,1
rescuing,1
view,1
ate,1
late,1
white,1
fatty,1
fellows,1
lit,1
stalked,1
sinister,1
chopped,1
things,1
brambles,1
cracks,1
hat,1
huge,1
has,1
eastern,1
last,1
trapped,1
might,1
spinney,1
doubt,1
gully,1
jacket,1
lifted,1
weight,1
cheerful,1
starlight,1
uncomfortable,1
nurses,1
worse,1
yards,1
difficulty,1
longer,1
warm,1
watched,1
winding,1
everywhere,1
carelessly,1
parties,1
fields,1
leaving,1
nod,1
plodded,1
away,1
distance,1
hidden,1
string,1
planted,1
sinks,1
nearly,1
impossible,1
show,1
knotted,1
effort,1
thicker,1
settling,1
house,1
wave,1
anything,1
nor,1
not,1
southwards,1
starry,1
crying,1
lifting,1
stronger,1
now,1
stupidly,1
faintly,1
steady,1
news,1
pain,1
green,1
vanished,1
start,1
was,1
greet,1
yet,1
stars,1
disused,1
windows,1
grew,1
stumbled,1
suddenly,1
supper,1
pair,1
way,1
grey,1
fallen,1
mouth,1
what,1
hoofs,1
relented,1
short,1
time,1
window,1
flame,1
rise,1
tray,1
yard,1
aroused,1
fowls,1
brushwood,1
quickly,1
glancing,1
leaden,1
when,1
put,1
axe,1
climb,1
fal,1
hem,1
crush,1
far,1
stuck,1
broad,1
golden,1
spluttered,1
struggling,1
wisps,1
catch,1
nameless,1
hey,1
pale,1
creaking,1
rustled,1
give,1
having,1
threw,1
twigs,1
hollow,1
roads,1
bewildered,1
rills,1
slope,1
sprawling,1
trunk,1
veiled,1
starling,1
moon,1
sticks,1
light,1
tinder,1
failing,1
waist,1
care,1
unaccountably,1
hobbits,1
ponies,1
bright,1
lop,1
burned,1
cleft,1
pressing,1
low,1
occasionally,1
pines,1
coughed,1
merely,1
forbiddingly,1
relieved,1
shire,1
desire,1
unintelligible,1
explore,1
more,1
murmur,1
centre,1
blown,1
clicked,1
gnaw,1
great,1
northward,1
enchanted,1
fetch,1
reluctantly,1
sides,1
garden,1
heads,1
choice,1
hanging,1
small,1
beam,1
door,1
shut,1
quick,1
luck,1
before,1
speedy,1
tell,1
used,1
constantly,1
him,1
shores,1
merry,1
his,1
groped,1
beat,1
disappeared,1
bear,1
pointing,1
day,1
rain,1
sparks,1
island,1
kind,1
stumbling,1
tree,1
opened,1
dong,1
fledge,1
inwards,1
lilies,1
water,1
both,1
most,1
glimpse,1
moss,1
twice,1
grassy,1
outside,1
hung,1
choked,1
daughter,1
dont,1
who,1
haysend,1
part,1
their,1
why,1
mown,1
point,1
wolves,1
alone,1
east,1
stuffy,1
along,1
wearisome,1
babbled,1
crackled,1
frighten,1
muffled,1
relief,1
wildly,1
sam,1
rest,1
butter,1
move,1
sat,1
clear,1
saw,1
crowded,1
also,1
say,1
enough,1
shine,1
afternoon,1
meal,1
oclock,1
ears,1
someone,1
mean,1
various,1
neither,1
glad,1
front,1
further,1
hurry,1
interlacing,1
simply,1
fissures,1
smote,1
been,1
gaping,1
dipped,1
beasts,1
fond,1
leaped,1
shouted,1
path,1
bar,1
crack,1
finds,1
trim,1
startled,1
dew,1
giant,1
drowned,1
you,1
soft,1
barrow,1
happen,1
sure,1
encircling,1
banks,1
carefully,1
going,1
pass,1
past,1
ashes,1
delighted,1
am,1
netted,1
an,1
easy,1
uncanny,1
blowing,1
fold,1
as,1
at,1
looking,1
formed,1
greatly,1
hurt,1
stems,1
strong,1
be,1
shiver,1
comes,1
hop,1
dead,1
hot,1
eyes,1
sea,1
how,1
proved,1
see,1
grasp,1
panes,1
whoa,1
spark,1
grass,1
sudden,1
by,1
hearing,1
foot,1
tremor,1
set,1
chin,1
nonsensically,1
quicker,1
words,1
possible,1
right,1
sleepiness,1
dragged,1
mounted,1
march,1
answer,1
meet,1
river,1
under,1
did,1
leaping,1
bed,1
dig,1
questions,1
dim,1
language,1
do,1
down,1
leaned,1
arched,1
fears,1
glinting,1
midst,1
useless,1
warning,1
listened,1
talk,1
tall,1
treeless,1
possibly,1
which,1
faded,1
stray,1
eh,1
muttered,1
suspicious,1
brown,1
upwards,1
anxiety,1
misleading,1
never,1
take,1
roasting,1
trickled,1
burst,1
arose,1
whispering,1
witless,1
fog,1
little,1
however,1
lucky,1
some,1
deep,1
squeeze,1
beginning,1
waiting,1
compelling,1
for,1
back,1
twilight,1
content,1
mist,1
getting,1
doorstep,1
rate,1
halloo,1
trouble,1
passed,1
glistening,1
just,1
sit,1
over,1
wanderers,1
living,1
six,1
darling,1
bound,1
go,1
length,1
wearing,1
tracks,1
home,1
eastwards,1
although,1
cavern,1
overwhelming,1
iron,1
downhill,1
gate,1
he,1
tunnel,1
big,1
feather,1
very,1
knobbly,1
armies,1
bellows,1
dropped,1
hope,1
soon,1
thick,1
leered,1
foul,1
appeared,1
else,1
four,1
lock,1
beside,1
join,1
usually,1
if,1
crown,1
fear,1
lying,1
sky,1
song,1
violently,1
glittering,1
large,1
surface,1
in,1
made,1
mists,1
bits,1
creak,1
cream,1
is,1
sense,1
being,1
it,1
drink,1
heavy,1
menace,1
bough,1
hobbit,1
writhing,1
goldberry,1
reached,1
gave,1
begin,1
become,1
dol,1
wider,1
dived,1
brought,1
alive,1
turned,1
weariness,1
dot,1
eventually,1
overhanging,1
stamped,1
headed,1
banging,1
thinking,1
trailer,1
trunks,1
stream,1
hopefully,1
gripped,1
man,1
everything,1
stand,1
surround,1
table,1
together,1
bread,1
side,1
may,1
break,1
seemed,1
could,1
forward,1
bent,1
change,1
knew,1
strike,1
gathered,1
clearing,1
off,1
places,1
clang,1
slender,1
troublesome,1
fredegar,1
able,1
candle,1
tipped,1
looming,1
complete,1
evening,1
withywindle,1
fun,1
feet,1
lo,1
use,1
knees,1
several,1
sign,1
feel,1
pools,1
thistles,1
while,1
anger,1
that,1
edge,1
high,1
split,1
strip,1
picked,1
find,1
than,1
me,1
directly,1
nettles,1
jolly,1
brook,1
cheerfully,1
downs,1
level,1
mr,1
difficult,1
heedless,1
dry,1
breeze,1
feeling,1
roots,1
sort,1
lush,1
my,1
picking,1
flowing,1
friends,1
heart,1
bombadillo,1
chosen,1
bombadil,1
coat,1
forget,1
directions,1
dream,1
leaning,1
rushing,1
true,1
valley,1
bog,1
present,1
curtain,1
laughter,1
softly,1
behind,1
bom,1
no,1
swayed,1
borders,1
brightly,1
blinking,1
dangerous,1
nonsense,1
head,1
hour,1
of,1
welling,1
bald,1
oi,1
somehow,1
brick,1
make,1
met,1
hear,1
heard,1
on,1
falling,1
pretty,1
or,1
hemlocks,1
rapidly,1
drew,1
master,1
undergrowth,1
chattering,1
scored,1
earth,1
lands,1
waking,1
backs,1
coming,1
stammered,1
doubtfully,1
dancing,1
curl,1
woke,1
threatening,1
about,1
stood,1
scream,1
fighting,1
danger,1
evidently,1
trees,1
crash,1
firm,1
bank,1
eastward,1
encouraged,1
freeze,1
sizes,1
above,1
fire,1
greener,1
cobwebs,1
drip,1
stick,1
band,1
hundreds,1
drawn,1
chopping,1
sticking,1
they,1
breaking,1
footpath,1
boxes,1
veered,1
deny,1
singing,1
old,1
them,1
then,1
ancient,1
benefit,1
something,1
willows,1
morning,1
pointed,1
bundles,1
furtive,1
except,1
autumn,1
scrambled,1
discovered,1
fact,1
bells,1
mid,1
believe,1
sun,1
long,1
seen,1
seem,1
fell,1
gnarled,1
into,1
gloom,1
plants,1
boots,1
so,1
unreal,1
surprised,1
silent,1
stiff,1
stopped,1
twinkle,1
though,1
abominable,1
one,1
makes,1
creased,1
shudder,1
sunken,1
firs,1
toppled,1
heed,1
many,1
people,1
closes,1
actually,1
hill,1
pull,1
face,1
afraid,1
bogey,1
closed,1
flowed,1
to,1
crickhollow,1
fingered,1
open,1
laughing,1
but,1
country,1
berry,1
lasts,1
alarming,1
hearties,1
dislike,1
forced,1
wished,1
innumerable,1
oaks,1
reputation,1
gleaming,1
inside,1
wrinkles,1
cheered,1
darker,1
whenever,1
leaves,1
luggage,1
swiftly,1
bark,1
buzzing,1
glimmer,1
sprang,1
wood,1
noises,1
reluctant,1
up,1
bare,1
five,1
us,1
tuck,1
surprise,1
waters,1
beard,1
gazed,1
sink,1
felt,1
this,1
wont,1
stole,1
suppose,1
thin,1
bending,1
feathered,1
once,1
paths,1
guessed,1
know,1
sing,1
yawning,1
higher,1
drop,1
loudly,1
drowsy,1
rough,1
squat,1
idea,1
stooping,1
cold,1
prisoners,1
withy,1
damp,1
speed,1
we,1
apple,1
reeds,1
rampant,1
shapes,1
themselves,1
twig,1
lies,1
wonder,1
sleepy,1
every,1
slopped,1
answered,1
mingled,1
wide,1
again,1
hauled,1
fiercely,1
indeed,1
bars,1
bye,1
stone,1
rousing,1
growths,1
succeed,1
ones,1
deeper,1
step,1
passing,1
stem,1
held,1
sturdy,1
sunshine,1
whole,1
fair,1
fingers,1
beyond,1
hell,1
hiss,1
closing,1
road,1
lost,1
depressed,1
dreadful,1
sight,1
weather,1
asleep,1
pincers,1
seized,1
between,1
still,1
beastly,1
ominous,1
slanting,1
work,1
lose,1
come,1
fail,1
bucklebury,1
itself,1
among,1
following,1
breakfast,1
word,1
queerness,1
hillside,1
gullies,1
hoped,1
south,1
steep,1
north,1
perceptible,1
rode,1
our,1
out,1
across,1
noon,1
seeing,1
blocked,1
fall,1
shadowed,1
get,1
dark,1
rushed,1
course,1
eat,1
place,1
flurry,1
overshadowed,1
dare,1
beckoning,1
loud,1
deepening,1
cool,1
twisted,1
tired,1
continued,1
leaf,1
lead,1
expect,1
help,1
sunlight,1
tangled,1
cutting,1
ended,1
chorus,1
stir,1
first,1
brandywine,1
voice,1
overpowering,1
own,1
sound,1
struggled,1
begun,1
hopeful,1
threshold,1
rustling,1
moats,1
space,1
growing,1
budding,1
firewood,1
plain,1
only,1
should,1
from,1
avoiding,1
blow,1
climbing,1
halted,1
spell,1
thinner,1
like,1
bottom,1
filed,1
goes,1
derry,1
ill,1
rushes,1
towards,1
branches,1
squeezed,1
ending,1
hills,1
ground,1
branched,1
seems,1
here,1
line,1
candles,1
riding,1
hedge,1
tune,1
aware,1
enmity,1
can,1
holding,1
hair,1
floating,1
ready,1
steam,1
weed,1
said,1
track,1
smooth,1
carried,1
shrill,1
foggy,1
stories,1
will,1
charging,1
edges,1
smoke,1
follow,1
really,1
whispered,1
gandalf,1
cloudy,1
carrier,1
round,1
creeping,1
knoll,1
standstill,1
snap,1
